# SELECT

## Synopsis

```yaml
[ WITH [ RECURSIVE ] with_query [, ...] ]
SELECT [ ALL | DISTINCT ] select_expression [, ...]
[ FROM from_item [, ...] ]
[ WHERE condition ]
[ GROUP BY [ ALL | DISTINCT ] grouping_element [, ...] ]
[ HAVING condition]
[ WINDOW window_definition_list]
[ { UNION | INTERSECT | EXCEPT } [ ALL | DISTINCT ] select ]
[ ORDER BY expression [ ASC | DESC ] [, ...] ]
[ OFFSET count [ ROW | ROWS ] ]
[ LIMIT { count | ALL } ]
[ FETCH { FIRST | NEXT } [ count ] { ROW | ROWS } { ONLY | WITH TIES } ]
```

whereÂ `from_item`Â is one of

```yaml
table_name [ [ AS ] alias [ ( column_alias [, ...] ) ] ]
```

```yaml
from_item join_type from_item
  [ ON join_condition | USING ( join_column [, ...] ) ]
```

```yaml
table_name [ [ AS ] alias [ ( column_alias [, ...] ) ] ]
  MATCH_RECOGNIZE pattern_recognition_specification
    [ [ AS ] alias [ ( column_alias [, ...] ) ] ]
```

For detailed description ofÂ `MATCH_RECOGNIZE`Â clause, seeÂ [**pattern recognition in FROM clause**](/interfaces/workbench/sql_syntaxes/match_recognize/).

```yaml
TABLE (table_function_invocation) [ [ AS ] alias [ ( column_alias [, ...] ) ] ]
```

<!-- For description of table functions usage, seeÂ [table functions](https://trino.io/docs/current/functions/table.html). -->

andÂ `join_type`Â is one of

```yaml
[ INNER ] JOIN
LEFT [ OUTER ] JOIN
RIGHT [ OUTER ] JOIN
FULL [ OUTER ] JOIN
CROSS JOIN
```

andÂ `grouping_element`Â is one of

```yaml
()
expression
GROUPING SETS ( ( column [, ...] ) [, ...] )
CUBE ( column [, ...] )
ROLLUP ( column [, ...] )
```

## Description

Retrieve rows from zero or more tables.

## WITH clause

TheÂ `WITH`Â clause defines named relations for use within a query. It allows flattening nested queries or simplifying subqueries. For example, the following queries are equivalent:

```yaml
SELECT a, b
FROM (
  SELECT a, MAX(b) AS b FROM t GROUP BY a
) AS x;

WITH x AS (SELECT a, MAX(b) AS b FROM t GROUP BY a)
SELECT a, b FROM x;
```

This also works with multiple subqueries:

```yaml
WITH
  t1 AS (SELECT a, MAX(b) AS b FROM x GROUP BY a),
  t2 AS (SELECT a, AVG(d) AS d FROM y GROUP BY a)
SELECT t1.*, t2.*
FROM t1
JOIN t2 ON t1.a = t2.a;
```

Additionally, the relations within aÂ `WITH`Â clause can chain:

```yaml
WITH
  x AS (SELECT a FROM t),
  y AS (SELECT a AS b FROM x),
  z AS (SELECT b AS c FROM y)
SELECT c FROM z;
```

>ðŸ—£ **Warning :**
Currently, the SQL for theÂ `WITH`Â clause will be inlined anywhere the named relation is used. This means that if the relation is used more than once and the query is non-deterministic, the results may be different each time.
>

## WITH RECURSIVE clause

TheÂ `WITHÂ RECURSIVE`Â clause is a variant of theÂ `WITH`Â clause. It defines a list of queries to process, including recursive processing of suitable queries.

>ðŸ—£ **Warning :**
This feature is experimental only. Proceed to use it only if you understand potential query failures and the impact of the recursion processing on your workload.
>

A recursiveÂ `WITH`-query must be shaped as aÂ `UNION`Â of two relations. The first relation is called theÂ *recursion base*, and the second relation is called theÂ *recursion step*. Trino supports recursiveÂ `WITH`-queries with a single recursive reference to aÂ `WITH`-query from within the query. The nameÂ `T`Â of the queryÂ `T`Â can be mentioned once in theÂ `FROM`Â clause of the recursion step relation.

The following listing shows a simple example, that displays a commonly used form of a single query in the list:

```yaml
WITH RECURSIVE t(n) AS (
    VALUES (1)
    UNION ALL
    SELECT n + 1 FROM t WHERE n < 4
)
SELECT sum(n) FROM t;
```

In the preceding query the simple assignmentÂ `VALUESÂ (1)`Â defines the recursion base relation.Â `SELECTÂ nÂ +Â 1Â FROMÂ tÂ WHEREÂ nÂ <Â 4`Â defines the recursion step relation. The recursion processing performs these steps:

- recursive base yieldsÂ `1`
- first recursion yieldsÂ `1Â +Â 1Â =Â 2`
- second recursion uses the result from the first and adds one:Â `2Â +Â 1Â =Â 3`
- third recursion uses the result from the second and adds one again:Â `3Â +Â 1Â =Â 4`
- fourth recursion aborts sinceÂ `nÂ =Â 4`
- this results inÂ `t`Â having valuesÂ `1`,Â `2`,Â `3`Â andÂ `4`
- the final statement performs the sum operation of these elements with the final result valueÂ `10`

The types of the returned columns are those of the base relation. Therefore it is required that types in the step relation can be coerced to base relation types.

TheÂ `RECURSIVE`Â clause applies to all queries in theÂ `WITH`Â list, but not all of them must be recursive. If aÂ `WITH`-query is not shaped according to the rules mentioned above or it does not contain a recursive reference, it is processed like a regularÂ `WITH`-query. Column aliases are mandatory for all the queries in the recursiveÂ `WITH`Â list.

The following limitations apply as a result of following the SQL standard and due to implementation choices, in addition toÂ `WITH`Â clause limitations:

- only single-element recursive cycles are supported. Like in regularÂ `WITH`queries, references to previous queries in theÂ `WITH`Â list are allowed. References to following queries are forbidden.
- usage of outer joins, set operations, limit clause, and others is not always allowed in the step relation
- recursion depth is fixed, defaults toÂ `10`, and doesnâ€™t depend on the actual query results

You can adjust the recursion depth with theÂ [**session property**](/interfaces/workbench/sql_syntaxes/set_session/)Â `max_recursion_depth`. When changing the value consider that the size of the query plan growth is quadratic with the recursion depth.

## SELECT clause

TheÂ `SELECT`Â clause specifies the output of the query. EachÂ `select_expression`Â defines a column or columns to be included in the result.

```yaml
SELECT [ ALL | DISTINCT ] select_expression [, ...]
```

TheÂ `ALL`Â andÂ `DISTINCT`Â quantifiers determine whether duplicate rows are included in the result set. If the argumentÂ `ALL`Â is specified, all rows are included. If the argumentÂ `DISTINCT`Â is specified, only unique rows are included in the result set. In this case, each output column must be of a type that allows comparison. If neither argument is specified, the behavior defaults toÂ `ALL`.

### Select expressions

EachÂ `select_expression`Â must be in one of the following forms:

```yaml
expression [ [ AS ] column_alias ]
```

```yaml
row_expression.* [ AS ( column_alias [, ...] ) ]
```

```yaml
relation.*
```

```yaml
*
```

In the case ofÂ `expressionÂ [Â [Â ASÂ ]Â column_aliasÂ ]`, a single output column is defined.

In the case ofÂ `row_expression.*Â [Â ASÂ (Â column_aliasÂ [,Â ...]Â )Â ]`, theÂ `row_expression`Â is an arbitrary expression of typeÂ `ROW`. All fields of the row define output columns to be included in the result set.

In the case ofÂ `relation.*`, all columns ofÂ `relation`Â are included in the result set. In this case column aliases are not allowed.

In the case ofÂ `*`, all columns of the relation defined by the query are included in the result set.

In the result set, the order of columns is the same as the order of their specification by the select expressions. If a select expression returns multiple columns, they are ordered the same way they were ordered in the source relation or row type expression.

If column aliases are specified, they override any preexisting column or row field names:

```yaml
SELECT (CAST(ROW(1, true) AS ROW(field1 bigint, field2 boolean))).* AS (alias1, alias2);
```

```yaml
 alias1 | alias2
--------+--------
      1 | true
(1 row)
```

Otherwise, the existing names are used:

```yaml
SELECT (CAST(ROW(1, true) AS ROW(field1 bigint, field2 boolean))).*;
```

```yaml
 field1 | field2
--------+--------
      1 | true
(1 row)
```

and in their absence, anonymous columns are produced:

```yaml
SELECT (ROW(1, true)).*;
```

```yaml
 _col0 | _col1
-------+-------
     1 | true
(1 row)
```

## GROUP BY clause

TheÂ `GROUPÂ BY`Â clause divides the output of aÂ `SELECT`Â statement into groups of rows containing matching values. A simpleÂ `GROUPÂ BY`Â clause may contain any expression composed of input columns or it may be an ordinal number selecting an output column by position (starting at one).

The following queries are equivalent. They both group the output by theÂ `nationkey`Â input column with the first query using the ordinal position of the output column and the second query using the input column name:

```yaml
SELECT count(*), nationkey FROM customer GROUP BY 2;

SELECT count(*), nationkey FROM customer GROUP BY nationkey;
```

`GROUPÂ BY`Â clauses can group output by input column names not appearing in the output of a select statement. For example, the following query generates row counts for theÂ `customer`Â table using the input columnÂ `mktsegment`:

`SELECT count(*) FROM customer GROUP BY mktsegment;`

```yaml
 _col0
-------
 29968
 30142
 30189
 29949
 29752
(5 rows)
```

When aÂ `GROUPÂ BY`Â clause is used in aÂ `SELECT`Â statement all output expressions must be either aggregate functions or columns present in theÂ `GROUPÂ BY`Â clause.

### Complex grouping operations

Trino also supports complex aggregations using theÂ `GROUPINGÂ SETS`,Â `CUBE`Â andÂ `ROLLUP`Â syntax. This syntax allows users to perform analysis that requires aggregation on multiple sets of columns in a single query. Complex grouping operations do not support grouping on expressions composed of input columns. Only column names are allowed.

Complex grouping operations are often equivalent to aÂ `UNIONÂ ALL`Â of simpleÂ `GROUPÂ BY`Â expressions, as shown in the following examples. This equivalence does not apply, however, when the source of data for the aggregation is non-deterministic.

### GROUPING SETS

Grouping sets allow users to specify multiple lists of columns to group on. The columns not part of a given sublist of grouping columns are set toÂ `NULL`.

```yaml
SELECT * FROM shipping;
```

```yaml
 origin_state | origin_zip | destination_state | destination_zip | package_weight
--------------+------------+-------------------+-----------------+----------------
 California   |      94131 | New Jersey        |            8648 |             13
 California   |      94131 | New Jersey        |            8540 |             42
 New Jersey   |       7081 | Connecticut       |            6708 |            225
 California   |      90210 | Connecticut       |            6927 |           1337
 California   |      94131 | Colorado          |           80302 |              5
 New York     |      10002 | New Jersey        |            8540 |              3
(6 rows)
```

`GROUPINGÂ SETS`Â semantics are demonstrated by this example query:

```yaml
SELECT origin_state, origin_zip, destination_state, sum(package_weight)
FROM shipping
GROUP BY GROUPING SETS (
    (origin_state),
    (origin_state, origin_zip),
    (destination_state));
```

```yaml
 origin_state | origin_zip | destination_state | _col0
--------------+------------+-------------------+-------
 New Jersey   | NULL       | NULL              |   225
 California   | NULL       | NULL              |  1397
 New York     | NULL       | NULL              |     3
 California   |      90210 | NULL              |  1337
 California   |      94131 | NULL              |    60
 New Jersey   |       7081 | NULL              |   225
 New York     |      10002 | NULL              |     3
 NULL         | NULL       | Colorado          |     5
 NULL         | NULL       | New Jersey        |    58
 NULL         | NULL       | Connecticut       |  1562
(10 rows)
```

The preceding query may be considered logically equivalent to aÂ `UNIONÂ ALL`Â of multipleÂ `GROUPÂ BY`Â queries:

```yaml
SELECT origin_state, NULL, NULL, sum(package_weight)
FROM shipping GROUP BY origin_state

UNION ALL

SELECT origin_state, origin_zip, NULL, sum(package_weight)
FROM shipping GROUP BY origin_state, origin_zip

UNION ALL

SELECT NULL, NULL, destination_state, sum(package_weight)
FROM shipping GROUP BY destination_state;
```

However, the query with the complex grouping syntax (`GROUPINGÂ SETS`,Â `CUBE`Â orÂ `ROLLUP`) will only read from the underlying data source once, while the query with theÂ `UNIONÂ ALL`Â reads the underlying data three times. This is why queries with aÂ `UNIONÂ ALL`Â may produce inconsistent results when the data source is not deterministic.

### CUBE

TheÂ `CUBE`Â operator generates all possible grouping sets (i.e. a power set) for a given set of columns. For example, the query:

```yaml
SELECT origin_state, destination_state, sum(package_weight)
FROM shipping
GROUP BY CUBE (origin_state, destination_state);
```

is equivalent to:

```yaml
SELECT origin_state, destination_state, sum(package_weight)
FROM shipping
GROUP BY GROUPING SETS (
    (origin_state, destination_state),
    (origin_state),
    (destination_state),
    ()
);
```

```yaml
 origin_state | destination_state | _col0
--------------+-------------------+-------
 California   | New Jersey        |    55
 California   | Colorado          |     5
 New York     | New Jersey        |     3
 New Jersey   | Connecticut       |   225
 California   | Connecticut       |  1337
 California   | NULL              |  1397
 New York     | NULL              |     3
 New Jersey   | NULL              |   225
 NULL         | New Jersey        |    58
 NULL         | Connecticut       |  1562
 NULL         | Colorado          |     5
 NULL         | NULL              |  1625
(12 rows)
```

### ROLLUP

TheÂ `ROLLUP`Â operator generates all possible subtotals for a given set of columns. For example, the query:

```yaml
SELECT origin_state, origin_zip, sum(package_weight)
FROM shipping
GROUP BY ROLLUP (origin_state, origin_zip);
```

```yaml
 origin_state | origin_zip | _col2
--------------+------------+-------
 California   |      94131 |    60
 California   |      90210 |  1337
 New Jersey   |       7081 |   225
 New York     |      10002 |     3
 California   | NULL       |  1397
 New York     | NULL       |     3
 New Jersey   | NULL       |   225
 NULL         | NULL       |  1625
(8 rows)
```

is equivalent to:

```yaml
SELECT origin_state, origin_zip, sum(package_weight)
FROM shipping
GROUP BY GROUPING SETS ((origin_state, origin_zip), (origin_state), ());
```

### Combining multiple grouping expressions

Multiple grouping expressions in the same query are interpreted as having cross-product semantics. For example, the following query:

```yaml
SELECT origin_state, destination_state, origin_zip, sum(package_weight)
FROM shipping
GROUP BY
    GROUPING SETS ((origin_state, destination_state)),
    ROLLUP (origin_zip);
```

which can be rewritten as:

```yaml
SELECT origin_state, destination_state, origin_zip, sum(package_weight)
FROM shipping
GROUP BY
    GROUPING SETS ((origin_state, destination_state)),
    GROUPING SETS ((origin_zip), ());
```

is logically equivalent to:

```yaml
SELECT origin_state, destination_state, origin_zip, sum(package_weight)
FROM shipping
GROUP BY GROUPING SETS (
    (origin_state, destination_state, origin_zip),
    (origin_state, destination_state)
);
```

```yaml
 origin_state | destination_state | origin_zip | _col3
--------------+-------------------+------------+-------
 New York     | New Jersey        |      10002 |     3
 California   | New Jersey        |      94131 |    55
 New Jersey   | Connecticut       |       7081 |   225
 California   | Connecticut       |      90210 |  1337
 California   | Colorado          |      94131 |     5
 New York     | New Jersey        | NULL       |     3
 New Jersey   | Connecticut       | NULL       |   225
 California   | Colorado          | NULL       |     5
 California   | Connecticut       | NULL       |  1337
 California   | New Jersey        | NULL       |    55
(10 rows)
```

TheÂ `ALL`Â andÂ `DISTINCT`Â quantifiers determine whether duplicate grouping sets each produce distinct output rows. This is particularly useful when multiple complex grouping sets are combined in the same query. For example, the following query:

```yaml
SELECT origin_state, destination_state, origin_zip, sum(package_weight)
FROM shipping
GROUP BY ALL
    CUBE (origin_state, destination_state),
    ROLLUP (origin_state, origin_zip);
```

is equivalent to:

```yaml
SELECT origin_state, destination_state, origin_zip, sum(package_weight)
FROM shipping
GROUP BY GROUPING SETS (
    (origin_state, destination_state, origin_zip),
    (origin_state, origin_zip),
    (origin_state, destination_state, origin_zip),
    (origin_state, origin_zip),
    (origin_state, destination_state),
    (origin_state),
    (origin_state, destination_state),
    (origin_state),
    (origin_state, destination_state),
    (origin_state),
    (destination_state),
    ()
);
```

However, if the query uses theÂ `DISTINCT`Â quantifier for theÂ `GROUPÂ BY`:

```yaml
SELECT origin_state, destination_state, origin_zip, sum(package_weight)
FROM shipping
GROUP BY DISTINCT
    CUBE (origin_state, destination_state),
    ROLLUP (origin_state, origin_zip);
```

only unique grouping sets are generated:

```yaml
SELECT origin_state, destination_state, origin_zip, sum(package_weight)
FROM shipping
GROUP BY GROUPING SETS (
    (origin_state, destination_state, origin_zip),
    (origin_state, origin_zip),
    (origin_state, destination_state),
    (origin_state),
    (destination_state),
    ()
);
```

The default set quantifier isÂ `ALL`.

### GROUPING operation

`grouping(col1,Â ...,Â colN)Â ->Â bigint`

The grouping operation returns a bit set converted to decimal, indicating which columns are present in a grouping. It must be used in conjunction withÂ `GROUPINGÂ SETS`,Â `ROLLUP`,Â `CUBE`Â orÂ `GROUPÂ BY`Â and its arguments must match exactly the columns referenced in the correspondingÂ `GROUPINGÂ SETS`,Â `ROLLUP`,Â `CUBE`Â orÂ `GROUPÂ BY`Â clause.

To compute the resulting bit set for a particular row, bits are assigned to the argument columns with the rightmost column being the least significant bit. For a given grouping, a bit is set to 0 if the corresponding column is included in the grouping and to 1 otherwise. For example, consider the query below:

```yaml
SELECT origin_state, origin_zip, destination_state, sum(package_weight),
       grouping(origin_state, origin_zip, destination_state)
FROM shipping
GROUP BY GROUPING SETS (
    (origin_state),
    (origin_state, origin_zip),
    (destination_state)
);
```

```yaml
origin_state | origin_zip | destination_state | _col3 | _col4
--------------+------------+-------------------+-------+-------
California   | NULL       | NULL              |  1397 |     3
New Jersey   | NULL       | NULL              |   225 |     3
New York     | NULL       | NULL              |     3 |     3
California   |      94131 | NULL              |    60 |     1
New Jersey   |       7081 | NULL              |   225 |     1
California   |      90210 | NULL              |  1337 |     1
New York     |      10002 | NULL              |     3 |     1
NULL         | NULL       | New Jersey        |    58 |     6
NULL         | NULL       | Connecticut       |  1562 |     6
NULL         | NULL       | Colorado          |     5 |     6
(10 rows)
```

The first grouping in the above result only includes theÂ `origin_state`Â column and excludes theÂ `origin_zip`Â andÂ `destination_state`Â columns. The bit set constructed for that grouping isÂ `011`Â where the most significant bit representsÂ `origin_state`.

## HAVING clause

TheÂ `HAVING`Â clause is used in conjunction with aggregate functions and theÂ `GROUPÂ BY`Â clause to control which groups are selected. AÂ `HAVING`Â clause eliminates groups that do not satisfy the given conditions.Â `HAVING`Â filters groups after groups and aggregates are computed.

The following example queries theÂ `customer`Â table and selects groups with an account balance greater than the specified value:

```yaml
SELECT count(*), mktsegment, nationkey,
       CAST(sum(acctbal) AS bigint) AS totalbal
FROM customer
GROUP BY mktsegment, nationkey
HAVING sum(acctbal) > 5700000
ORDER BY totalbal DESC;
```

```yaml
 _col0 | mktsegment | nationkey | totalbal
-------+------------+-----------+----------
  1272 | AUTOMOBILE |        19 |  5856939
  1253 | FURNITURE  |        14 |  5794887
  1248 | FURNITURE  |         9 |  5784628
  1243 | FURNITURE  |        12 |  5757371
  1231 | HOUSEHOLD  |         3 |  5753216
  1251 | MACHINERY  |         2 |  5719140
  1247 | FURNITURE  |         8 |  5701952
(7 rows)
```

## WINDOW clause

TheÂ `WINDOW`Â clause is used to define named window specifications. The defined named window specifications can be referred to in theÂ `SELECT`Â andÂ `ORDERÂ BY`Â clauses of the enclosing query:

```yaml
SELECT orderkey, clerk, totalprice,
      rank() OVER w AS rnk
FROM orders
WINDOW w AS (PARTITION BY clerk ORDER BY totalprice DESC)
ORDER BY count() OVER w, clerk, rnk
```

The window definition list ofÂ `WINDOW`Â clause can contain one or multiple named window specifications of the form

`window_name AS (window_specification)`

A window specification has the following components:

- The existing window name, which refers to a named window specification in theÂ `WINDOW`Â clause. The window specification associated with the referenced name is the basis of the current specification.
- The partition specification, which separates the input rows into different partitions. This is analogous to how theÂ `GROUPÂ BY`Â clause separates rows into different groups for aggregate functions.
- The ordering specification, which determines the order in which input rows will be processed by the window function.
- The window frame, which specifies a sliding window of rows to be processed by the function for a given row. If the frame is not specified, it defaults toÂ `RANGEÂ UNBOUNDEDÂ PRECEDING`, which is the same asÂ `RANGEÂ BETWEENÂ UNBOUNDEDÂ PRECEDINGÂ ANDÂ CURRENTÂ ROW`. This frame contains all rows from the start of the partition up to the last peer of the current row. In the absence ofÂ `ORDERÂ BY`, all rows are considered peers, soÂ `RANGEÂ BETWEENÂ UNBOUNDEDÂ PRECEDINGÂ ANDÂ CURRENTÂ ROW`Â is equivalent toÂ `BETWEENÂ UNBOUNDEDÂ PRECEDINGÂ ANDÂ UNBOUNDEDÂ FOLLOWING`. The window frame syntax supports additional clauses for row pattern recognition. If the row pattern recognition clauses are specified, the window frame for a particular row consists of the rows matched by a pattern starting from that row. Additionally, if the frame specifies row pattern measures, they can be called over the window, similarly to window functions. For more details, seeÂ [**Row pattern recognition in window structures**](/interfaces/workbench/sql_syntaxes/row_pattern_recognition_in_window_structures/).

Each window component is optional. If a window specification does not specify window partitioning, ordering or frame, those components are obtained from the window specification referenced by theÂ `existingÂ windowÂ name`, or from another window specification in the reference chain. In case when there is noÂ `existingÂ windowÂ name`Â specified, or none of the referenced window specifications contains the component, the default value is used.

## Set operations

`UNION`Â `INTERSECT`Â andÂ `EXCEPT`Â are all set operations. These clauses are used to combine the results of more than one select statement into a single result set:

```yaml
query UNION [ALL | DISTINCT] query
```

```yaml
query INTERSECT [ALL | DISTINCT] query
```

```yaml
query EXCEPT [ALL | DISTINCT] query
```

The argumentÂ `ALL`Â orÂ `DISTINCT`Â controls which rows are included in the final result set. If the argumentÂ `ALL`Â is specified all rows are included even if the rows are identical. If the argumentÂ `DISTINCT`Â is specified only unique rows are included in the combined result set. If neither is specified, the behavior defaults toÂ `DISTINCT`.

Multiple set operations are processed left to right, unless the order is explicitly specified via parentheses. Additionally,Â `INTERSECT`Â binds more tightly thanÂ `EXCEPT`Â andÂ `UNION`. That meansÂ `AÂ UNIONÂ BÂ INTERSECTÂ CÂ EXCEPTÂ D`Â is the same asÂ `AÂ UNIONÂ (BÂ INTERSECTÂ C)Â EXCEPTÂ D`.

### UNION clause

`UNION`Â combines all the rows that are in the result set from the first query with those that are in the result set for the second query. The following is an example of one of the simplest possibleÂ `UNION`Â clauses. It selects the valueÂ `13`Â and combines this result set with a second query that selects the valueÂ `42`:

```yaml
SELECT 13
UNION
SELECT 42;
```

```yaml
 _col0
-------
    13
    42
(2 rows)
```

The following query demonstrates the difference betweenÂ `UNION`Â andÂ `UNIONÂ ALL`. It selects the valueÂ `13`Â and combines this result set with a second query that selects the valuesÂ `42`Â andÂ `13`:

```yaml
SELECT 13
UNION
SELECT * FROM (VALUES 42, 13);
```

```yaml
 _col0
-------
    13
    42
(2 rows)
```

```yaml
SELECT 13
UNION ALL
SELECT * FROM (VALUES 42, 13);
```

```yaml
 _col0
-------
    13
    42
    13
(2 rows)
```

### INTERSECT clause

`INTERSECT`Â returns only the rows that are in the result sets of both the first and the second queries. The following is an example of one of the simplest possibleÂ `INTERSECT`Â clauses. It selects the valuesÂ `13`Â andÂ `42`Â and combines this result set with a second query that selects the valueÂ `13`. SinceÂ `42`Â is only in the result set of the first query, it is not included in the final results.:

```yaml
SELECT * FROM (VALUES 13, 42)
INTERSECT
SELECT 13;
```

```yaml
 _col0
-------
    13
(2 rows)
```

### EXCEPT clause

`EXCEPT`Â returns the rows that are in the result set of the first query, but not the second. The following is an example of one of the simplest possibleÂ `EXCEPT`Â clauses. It selects the valuesÂ `13`Â andÂ `42`Â and combines this result set with a second query that selects the valueÂ `13`. SinceÂ `13`Â is also in the result set of the second query, it is not included in the final result.:

```yaml
SELECT * FROM (VALUES 13, 42)
EXCEPT
SELECT 13;
```

```yaml
 _col0
-------
   42
(2 rows)
```

## ORDER BY clause

TheÂ `ORDERÂ BY`Â clause is used to sort a result set by one or more output expressions:

```yaml
ORDER BY expression [ ASC | DESC ] [ NULLS { FIRST | LAST } ] [, ...]
```

Each expression may be composed of output columns, or it may be an ordinal number selecting an output column by position, starting at one. TheÂ `ORDERÂ BY`Â clause is evaluated after anyÂ `GROUPÂ BY`Â orÂ `HAVING`Â clause, and before anyÂ `OFFSET`,Â `LIMIT`Â orÂ `FETCHÂ FIRST`Â clause. The default null ordering isÂ `NULLSÂ LAST`, regardless of the ordering direction.

Note that, following the SQL specification, anÂ `ORDERÂ BY`Â clause only affects the order of rows for queries that immediately contain the clause. Trino follows that specification, and drops redundant usage of the clause to avoid negative performance impacts.

In the following example, the clause only applies to the select statement.

```yaml
INSERT INTO some_table
SELECT * FROM another_table
ORDER BY field;
```

Since tables in SQL are inherently unordered, and theÂ `ORDERÂ BY`Â clause in this case does not result in any difference, but negatively impacts performance of running the overall insert statement, Trino skips the sort operation.

Another example where theÂ `ORDERÂ BY`Â clause is redundant, and does not affect the outcome of the overall statement, is a nested query:

```yaml
SELECT *
FROM some_table
    JOIN (SELECT * FROM another_table ORDER BY field) u
    ON some_table.key = u.key;
```

<!-- More background information and details can be found inÂ a blog post about this optimization.-->

## OFFSET clause

TheÂ `OFFSET`Â clause is used to discard a number of leading rows from the result set:

```yaml
OFFSET count [ ROW | ROWS ]
```

If theÂ `ORDERÂ BY`Â clause is present, theÂ `OFFSET`Â clause is evaluated over a sorted result set, and the set remains sorted after the leading rows are discarded:

```yaml
SELECT name FROM nation ORDER BY name OFFSET 22;
```

```yaml
      name
----------------
 UNITED KINGDOM
 UNITED STATES
 VIETNAM
(3 rows)
```

Otherwise, it is arbitrary which rows are discarded. If the count specified in theÂ `OFFSET`Â clause equals or exceeds the size of the result set, the final result is empty.

## LIMIT or FETCH FIRST clause

TheÂ `LIMIT`Â orÂ `FETCHÂ FIRST`Â clause restricts the number of rows in the result set.

```yaml
LIMIT { count | ALL }
```

```yaml
FETCH { FIRST | NEXT } [ count ] { ROW | ROWS } { ONLY | WITH TIES }
```

The following example queries a large table, but theÂ `LIMIT`Â clause restricts the output to only have five rows (because the query lacks anÂ `ORDERÂ BY`, exactly which rows are returned is arbitrary):

```yaml
SELECT orderdate FROM orders LIMIT 5;
```

```yaml
 orderdate
------------
 1994-07-25
 1993-11-12
 1992-10-06
 1994-01-04
 1997-12-28
(5 rows)
```

`LIMITÂ ALL`Â is the same as omitting theÂ `LIMIT`Â clause.

TheÂ `FETCHÂ FIRST`Â clause supports either theÂ `FIRST`Â orÂ `NEXT`Â keywords and theÂ `ROW`Â orÂ `ROWS`Â keywords. These keywords are equivalent and the choice of keyword has no effect on query execution.

If the count is not specified in theÂ `FETCHÂ FIRST`Â clause, it defaults toÂ `1`:

```yaml
SELECT orderdate FROM orders FETCH FIRST ROW ONLY;
```

```yaml
 orderdate
------------
 1994-02-12
(1 row)
```

If theÂ `OFFSET`Â clause is present, theÂ `LIMIT`Â orÂ `FETCHÂ FIRST`Â clause is evaluated after theÂ `OFFSET`Â clause:

```yaml
SELECT * FROM (VALUES 5, 2, 4, 1, 3) t(x) ORDER BY x OFFSET 2 LIMIT 2;
```

```yaml
 x
---
 3
 4
(2 rows)
```

For theÂ `FETCHÂ FIRST`Â clause, the argumentÂ `ONLY`Â orÂ `WITHÂ TIES`Â controls which rows are included in the result set.

If the argumentÂ `ONLY`Â is specified, the result set is limited to the exact number of leading rows determined by the count.

If the argumentÂ `WITHÂ TIES`Â is specified, it is required that theÂ `ORDERÂ BY`Â clause be present. The result set consists of the same set of leading rows and all of the rows in the same peer group as the last of them (â€˜tiesâ€™) as established by the ordering in theÂ `ORDERÂ BY`Â clause. The result set is sorted:

```yaml
SELECT name, regionkey
FROM nation
ORDER BY regionkey FETCH FIRST ROW WITH TIES;
```

```yaml
    name    | regionkey
------------+-----------
 ETHIOPIA   |         0
 MOROCCO    |         0
 KENYA      |         0
 ALGERIA    |         0
 MOZAMBIQUE |         0
(5 rows)
```

## TABLESAMPLE

There are multiple sample methods:

`BERNOULLI` Each row is selected to be in the table sample with a probability of the sample percentage. When a table is sampled using the Bernoulli method, all physical blocks of the table are scanned and certain rows are skipped (based on a comparison between the sample percentage and a random value calculated at runtime).
The probability of a row being included in the result is independent from any other row. This does not reduce the time required to read the sampled table from disk. It may have an impact on the total query time if the sampled output is processed further.`SYSTEM`This sampling method divides the table into logical segments of data and samples the table at this granularity. This sampling method either selects all the rows from a particular segment of data or skips it (based on a comparison between the sample percentage and a random value calculated at runtime).
The rows selected in a system sampling will be dependent on which connector is used. For example, when used with Hive, it is dependent on how the data is laid out on HDFS. This method does not guarantee independent sampling probabilities.

>ðŸ“Œ **Note :**
Neither of the two methods allow deterministic bounds on the number of rows returned.
>

Examples:

```yaml
SELECT *
FROM users TABLESAMPLE BERNOULLI (50);

SELECT *
FROM users TABLESAMPLE SYSTEM (75);
```

Using sampling with joins:

```yaml
SELECT o.*, i.*
FROM orders o TABLESAMPLE SYSTEM (10)
JOIN lineitem i TABLESAMPLE BERNOULLI (40)
  ON o.orderkey = i.orderkey;
```

## UNNEST

`UNNEST`Â can be used to expand anÂ ARRAYÂ orÂ MAPÂ into a relation. Arrays are expanded into a single column:

```yaml
SELECT * FROM UNNEST(ARRAY[1,2]) AS t(number);
```

```yaml
 number
--------
      1
      2
(2 rows)
```

Maps are expanded into two columns (key, value):

```yaml
SELECT * FROM UNNEST(
        map_from_entries(
            ARRAY[
                ('SQL',1974),
                ('Java', 1995)
            ]
        )
) AS t(language, first_appeared_year);
```

```yaml
 language | first_appeared_year
----------+---------------------
 SQL      |                1974
 Java     |                1995
(2 rows)
```

`UNNEST`Â can be used in combination with anÂ `ARRAY`Â ofÂ ROWÂ structures for expanding each field of theÂ `ROW`Â into a corresponding column:

```yaml
SELECT *
FROM UNNEST(
        ARRAY[
            ROW('Java',  1995),
            ROW('SQL' , 1974)],
        ARRAY[
            ROW(false),
            ROW(true)]
) as t(language,first_appeared_year,declarative);
```

```yaml
 language | first_appeared_year | declarative
----------+---------------------+-------------
 Java     |                1995 | false
 SQL      |                1974 | true
(2 rows)
```

`UNNEST`Â can optionally have aÂ `WITHÂ ORDINALITY`Â clause, in which case an additional ordinality column is added to the end:

```yaml
SELECT a, b, rownumber
FROM UNNEST (
    ARRAY[2, 5],
    ARRAY[7, 8, 9]
     ) WITH ORDINALITY AS t(a, b, rownumber);
```

```yaml
  a   | b | rownumber
------+---+-----------
    2 | 7 |         1
    5 | 8 |         2
 NULL | 9 |         3
(3 rows)
```

`UNNEST`Â returns zero entries when the array/map is empty:

```yaml
SELECT * FROM UNNEST (ARRAY[]) AS t(value);
```

```yaml
 value
-------
(0 rows)
```

`UNNEST`Â returns zero entries when the array/map is null:

```yaml
SELECT * FROM UNNEST (CAST(null AS ARRAY(integer))) AS t(number);
```

```yaml
 number
--------
(0 rows)
```

`UNNEST`Â is normally used with aÂ `JOIN`, and can reference columns from relations on the left side of the join:

```yaml
SELECT student, score
FROM (
   VALUES
      ('John', ARRAY[7, 10, 9]),
      ('Mary', ARRAY[4, 8, 9])
) AS tests (student, scores)
CROSS JOIN UNNEST(scores) AS t(score);
```

```yaml
 student | score
---------+-------
 John    |     7
 John    |    10
 John    |     9
 Mary    |     4
 Mary    |     8
 Mary    |     9
(6 rows)
```

`UNNEST`Â can also be used with multiple arguments, in which case they are expanded into multiple columns, with as many rows as the highest cardinality argument (the other columns are padded with nulls):

```yaml
SELECT numbers, animals, n, a
FROM (
  VALUES
    (ARRAY[2, 5], ARRAY['dog', 'cat', 'bird']),
    (ARRAY[7, 8, 9], ARRAY['cow', 'pig'])
) AS x (numbers, animals)
CROSS JOIN UNNEST(numbers, animals) AS t (n, a);
```

```yaml
  numbers  |     animals      |  n   |  a
-----------+------------------+------+------
 [2, 5]    | [dog, cat, bird] |    2 | dog
 [2, 5]    | [dog, cat, bird] |    5 | cat
 [2, 5]    | [dog, cat, bird] | NULL | bird
 [7, 8, 9] | [cow, pig]       |    7 | cow
 [7, 8, 9] | [cow, pig]       |    8 | pig
 [7, 8, 9] | [cow, pig]       |    9 | NULL
(6 rows)
```

`LEFTÂ JOIN`Â is preferable in order to avoid losing the the row containing the array/map field in question when referenced columns from relations on the left side of the join can be empty or haveÂ `NULL`Â values:

```yaml
SELECT runner, checkpoint
FROM (
   VALUES
      ('Joe', ARRAY[10, 20, 30, 42]),
      ('Roger', ARRAY[10]),
      ('Dave', ARRAY[]),
      ('Levi', NULL)
) AS marathon (runner, checkpoints)
LEFT JOIN UNNEST(checkpoints) AS t(checkpoint) ON TRUE;
```

```yaml
 runner | checkpoint
--------+------------
 Joe    |         10
 Joe    |         20
 Joe    |         30
 Joe    |         42
 Roger  |         10
 Dave   |       NULL
 Levi   |       NULL
(7 rows)
```

Note that in case of usingÂ `LEFTÂ JOIN`Â the only condition supported by the current implementation isÂ `ONÂ TRUE`.

## Joins

Joins allow you to combine data from multiple relations.

### CROSS JOIN

A cross join returns the Cartesian product (all combinations) of two relations. Cross joins can either be specified using the explitÂ `CROSSÂ JOIN`Â syntax or by specifying multiple relations in theÂ `FROM`Â clause.

Both of the following queries are equivalent:

```yaml
SELECT *
FROM nation
CROSS JOIN region;

SELECT *
FROM nation, region;
```

TheÂ `nation`Â table contains 25 rows and theÂ `region`Â table contains 5 rows, so a cross join between the two tables produces 125 rows:

```yaml
SELECT n.name AS nation, r.name AS region
FROM nation AS n
CROSS JOIN region AS r
ORDER BY 1, 2;
```

```yaml
     nation     |   region
----------------+-------------
 ALGERIA        | AFRICA
 ALGERIA        | AMERICA
 ALGERIA        | ASIA
 ALGERIA        | EUROPE
 ALGERIA        | MIDDLE EAST
 ARGENTINA      | AFRICA
 ARGENTINA      | AMERICA
...
(125 rows)
```

### LATERAL

Subqueries appearing in theÂ `FROM`Â clause can be preceded by the keywordÂ `LATERAL`. This allows them to reference columns provided by precedingÂ `FROM`Â items.

AÂ `LATERAL`Â join can appear at the top level in theÂ `FROM`Â list, or anywhere within a parenthesized join tree. In the latter case, it can also refer to any items that are on the left-hand side of aÂ `JOIN`Â for which it is on the right-hand side.

When aÂ `FROM`Â item containsÂ `LATERAL`Â cross-references, evaluation proceeds as follows: for each row of theÂ `FROM`Â item providing the cross-referenced columns, theÂ `LATERAL`Â item is evaluated using that row setâ€™s values of the columns. The resulting rows are joined as usual with the rows they were computed from. This is repeated for set of rows from the column source tables.

`LATERAL`Â is primarily useful when the cross-referenced column is necessary for computing the rows to be joined:

```yaml
SELECT name, x, y
FROM nation
CROSS JOIN LATERAL (SELECT name || ' :-' AS x)
CROSS JOIN LATERAL (SELECT x || ')' AS y);
```

### Qualifying column names

When two relations in a join have columns with the same name, the column references must be qualified using the relation alias (if the relation has an alias), or with the relation name:

```yaml
SELECT nation.name, region.name
FROM nation
CROSS JOIN region;

SELECT n.name, r.name
FROM nation AS n
CROSS JOIN region AS r;

SELECT n.name, r.name
FROM nation n
CROSS JOIN region r;
```

The following query will fail with the errorÂ `ColumnÂ 'name'Â isÂ ambiguous`:

```yaml
SELECT name
FROM nation
CROSS JOIN region;
```

## Subqueries

A subquery is an expression which is composed of a query. The subquery is correlated when it refers to columns outside of the subquery. Logically, the subquery will be evaluated for each row in the surrounding query. The referenced columns will thus be constant during any single evaluation of the subquery.

>ðŸ“Œ **Note :**
Support for correlated subqueries is limited. Not every standard form is supported.
>

### EXISTS

TheÂ `EXISTS`Â predicate determines if a subquery returns any rows:

```yaml
SELECT name
FROM nation
WHERE EXISTS (
     SELECT *
     FROM region
     WHERE region.regionkey = nation.regionkey
);
```

### IN

TheÂ `IN`Â predicate determines if any values produced by the subquery are equal to the provided expression. The result ofÂ `IN`Â follows the standard rules for nulls. The subquery must produce exactly one column:

```yaml
SELECT name
FROM nation
WHERE regionkey IN (
     SELECT regionkey
     FROM region
     WHERE name = 'AMERICA' OR name = 'AFRICA'
);
```

### Scalar subquery

A scalar subquery is a non-correlated subquery that returns zero or one row. It is an error for the subquery to produce more than one row. The returned value isÂ `NULL`Â if the subquery produces no rows:

```yaml
SELECT name
FROM nation
WHERE regionkey = (SELECT max(regionkey) FROM region);
```

>ðŸ“Œ **Note :**
Currently only single column can be returned from the scalar subquery.
>